,brand,model,imageurl
0,wmf,04 1627 0011,http://img.alicdn.com/imgextra/i1/1065550386/TB2K6DPqFXXXXXPXpXXXXXXXXXX_!!1065550386.jpg
1,bear/小熊,JBQ-D131,http://img.alicdn.com/imgextra/i4/TB1G_pbKXXXXXcpXFXXXXXXXXXX_!!0-item_pic.jpg
2,wmf,04.1635.9911,http://img.alicdn.com/imgextra/i2/1711140667/TB2qp8nfk7mBKNjSZFyXXbydFXa_!!1711140667.jpg
3,欧八,欧八HL-A,http://img.alicdn.com/imgextra/i2/910387439/TB2zjEanXGWBuNjy0FbXXb4sXXa_!!910387439.jpg
4,韩伟,M780,http://img.alicdn.com/imgextra/i2/2193346826/TB2TqtBgVGWBuNjy0FbXXb4sXXa_!!2193346826.jpg
5,bear/小熊,JBQ-D1355,http://img.alicdn.com/imgextra/i4/357317113/TB2KsafcrglyKJjSZFuXXaE6FXa_!!357317113.jpg
6,bear/小熊,LB-P919,http://img.alicdn.com/imgextra/i4/2020509878/TB2gxdIjYSYBuNjSspiXXXNzpXa_!!2020509878.jpg
7,bear/小熊,LB-P928,http://img.alicdn.com/imgextra/i3/2020509878/TB2KWOzzbxmpuFjSZJiXXXauVXa_!!2020509878.jpg
8,bosch/博世,MSM2410,http://img.alicdn.com/imgextra/i3/2829060891/TB2bExydScqBKNjSZFgXXX_kXXa_!!2829060891.jpg
9,bosch/博世,MSM66020,http://img.alicdn.com/imgextra/i3/2829060891/TB2pxmdj8HH8KJjy0FbXXcqlpXa_!!2829060891.jpg
10,领锐,SY250C,http://img.alicdn.com/imgextra/i4/2392588019/TB24F3ijASWBuNjSszdXXbeSpXa_!!2392588019.jpg
11,bosch/博世,MSME6110CN,http://img.alicdn.com/imgextra/i1/1990484446/TB2shtagYZnBKNjSZFGXXbt3FXa_!!1990484446.jpg
12,bosch/博世,MSME7414CN,http://img.alicdn.com/imgextra/i2/1990484446/TB2hc9kdQomBKNjSZFqXXXtqVXa_!!1990484446.jpg
13,bosch/博世,MSMM8910CN,http://img.alicdn.com/imgextra/i2/1990484446/TB2afKrtY5YBuNjSspoXXbeNFXa_!!1990484446.jpg
14,braun/博朗, 4179,http://img.alicdn.com/imgextra/i2/1911588863/TB1F6zCcxrI8KJjy0FpXXb5hVXa_!!0-item_pic.jpg
15,bear/小熊,JBQ-D05A1,http://img.alicdn.com/imgextra/i3/1069640918/TB2wMmAuf9TBuNjy0FcXXbeiFXa_!!1069640918.jpg
16,bear/小熊,JBQ-D05D2,http://img.alicdn.com/imgextra/i6/TB1MZ_BNFXXXXXDXFXXPUUl.VXX_113326.jpg
17,supor/苏泊尔,JP10DA-1300,http://img.alicdn.com/imgextra/i3/405125123/TB2ufH.aQfb_uJkHFCcXXXagFXa_!!405125123.jpg
18,joyoung/九阳, JYL-C051,http://img.alicdn.com/imgextra/i4/250512969/TB27OcroY_I8KJjy1XaXXbsxpXa_!!250512969.jpg
19,braun/博朗, MQ5035,http://img.alicdn.com/imgextra/i4/1911588863/TB2eSMlgKEJL1JjSZFGXXa6OXXa_!!1911588863.jpg
20,hattiecs/海蒂诗,RBM-775,http://img.alicdn.com/imgextra/i3/137861347/TB2KxdScnCWBKNjSZFtXXaC3FXa_!!137861347.jpg
21,家必康,2160,http://img.alicdn.com/imgextra/i3/1871236471/TB2aGyItAyWBuNjy0FpXXassXXa_!!1871236471.jpg
22,隆粤,B717,http://img.alicdn.com/imgextra/i3/2968142127/TB2qgS1abAaBuNjt_igXXb5ApXa_!!2968142127.jpg
23,bear/小熊,QSJ-B02U2,http://img.alicdn.com/imgextra/i2/3284569159/TB299H5mFuWBuNjSszbXXcS7FXa_!!3284569159.jpg
24,jeff/杰孚,FX-A5,http://img.alicdn.com/imgextra/i4/TB1fOiwLXXXXXaFXXXXXXXXXXXX_!!0-item_pic.jpg
25,韩伟,M730,http://img.alicdn.com/imgextra/i3/2193346826/TB2.2fYfcj_B1NjSZFHXXaDWpXa_!!2193346826.jpg
26,joyoung/九阳, JYL-Y6,http://img.alicdn.com/imgextra/i1/725643458/TB1FrIgquuSBuNjSsziXXbq8pXa_!!0-item_pic.jpg
27,德能,BL-13A,http://img.alicdn.com/imgextra/i3/TB19DCDPXXXXXadapXXXXXXXXXX_!!0-item_pic.jpg
28,bear/小熊,JBQ-A05D2,http://img.alicdn.com/imgextra/i1/740969168/TB2g1E6oHBmpuFjSZFuXXaG_XXa_!!740969168.jpg
29,joyoung/九阳, JYL-Y92,http://img.alicdn.com/imgextra/i1/76327508/TB2PYQShTdYBeNkSmLyXXXfnVXa_!!76327508.jpg
30,joyoung/九阳, L3-C1,http://img.alicdn.com/imgextra/i1/76327508/TB28KA6p3mTBuNjy1XbXXaMrVXa_!!76327508.jpg
31,bear/小熊,QSJ-B02X5,http://img.alicdn.com/imgextra/i4/292487094/TB23gOPcTnI8KJjy0FfXXcdoVXa_!!292487094.jpg
32,kaiso/凯索,8800,http://img.alicdn.com/imgextra/i2/TB1V_FzOpXXXXbiapXXXXXXXXXX_!!0-item_pic.jpg
33,blendtec,DESIGNER 625,http://img.alicdn.com/imgextra/i1/485552487/TB2xrlqub5YBuNjSspoXXbeNFXa_!!485552487.jpg
34,aca/北美电器,AF-OR01,http://img.alicdn.com/imgextra/i1/702016902/TB1oZSGuf1TBuNjy0FjXXajyXXa_!!0-item_pic.jpg
35,bosch/博世,MFZ4050,http://img.alicdn.com/imgextra/i4/666900686/TB2XXwtoFXXXXXGXFXXXXXXXXXX_!!666900686.jpg
36,clara,MST-PBJ-V30,http://img.alicdn.com/imgextra/i4/2506010982/TB2v.2Pe3aTBuNjSszfXXXgfpXa_!!2506010982.jpg
37,kambrook,搅拌机,http://img.alicdn.com/imgextra/i3/32943077/TB2XML.eJHO8KJjSZFtXXchfXXa_!!32943077.jpg
38,climax/客来美,HA-3093,http://img.alicdn.com/imgextra/i4/923508751/TB1.n5Vlj3z9KJjy0FmXXXiwXXa_!!0-item_pic.jpg
39,minimei,HMM-203,http://img.alicdn.com/imgextra/i1/2397107310/TB2Wr2BmgJkpuFjSszcXXXfsFXa_!!2397107310.jpg
40,amoi/夏新,TL-GB990,http://img.alicdn.com/imgextra/i2/2447836580/TB2j6ULnStYBeNjSspkXXbU8VXa_!!2447836580-0-item_pic.jpg
41,kenwood/建伍,CH580,http://img.alicdn.com/imgextra/i2/183888772/TB2FQbZXhr9F1JjSZPfXXawbFXa_!!183888772.jpg
42,kenwood/建伍,HDP306WH,http://img.alicdn.com/imgextra/i3/2980059761/TB2dPgXt1uSBuNjSsplXXbe8pXa_!!2980059761-0-item_pic.jpg
43,kenwood/建伍,HDP404WH,http://img.alicdn.com/imgextra/i4/1120240545/TB2iFr9tXuWBuNjSspnXXX1NVXa_!!1120240545-0-item_pic.jpg
44,aunt mary/玛莉阿姨,HL-1898,http://img.alicdn.com/imgextra/i2/2938915279/TB26mnlcr1YBuNjSszhXXcUsFXa_!!2938915279.jpg
45,kenwood/建伍,KM336,http://img.alicdn.com/imgextra/i1/2980059761/TB2P5XOux9YBuNjy0FfXXXIsVXa_!!2980059761-0-item_pic.jpg
46,kenwood/建伍,SMP060,http://img.alicdn.com/imgextra/i3/1120240545/TB2_coXtf5TBuNjSspmXXaDRVXa_!!1120240545-0-item_pic.jpg
47,kitchenaid,5QT 原装盆,http://img.alicdn.com/imgextra/i3/876965799/TB2iZg.gZuYBuNkSmRyXXcA3pXa_!!876965799.jpg
48,joyoung/九阳, JYL-C012,http://img.alicdn.com/imgextra/i2/1954726457/TB256d5ehk98KJjSZFoXXXS6pXa_!!1954726457.jpg
49,dark horse/黑马,KM-699,http://img.alicdn.com/imgextra/i4/2257369559/TB2qNpfasUrBKNjSZPxXXX00pXa_!!2257369559.jpg
50,joyoung/九阳, JYL-C022,http://img.alicdn.com/imgextra/i4/2103628430/TB1FgFoqb5YBuNjSspoXXbeNFXa_!!2103628430-0-item_pic.jpg
51,krobell/康贝尔,6288,http://img.alicdn.com/imgextra/i4/1871236471/TB2Hse1aOb_F1JjSZFzXXc6KXXa_!!1871236471.jpg
52,bamix,M200,http://img.alicdn.com/imgextra/i1/274764304/TB2oIioccjI8KJjSsppXXXbyVXa_!!274764304.jpg
53,bamix,UNOLD ESGE,http://img.alicdn.com/imgextra/i1/2829060891/TB2A.0UaYSYBuNjSspiXXXNzpXa_!!2829060891.jpg
54,barsone/朋森,BS-05L01,http://img.alicdn.com/imgextra/i4/2139274692/TB24qZulLuSBuNkHFqDXXXfhVXa_!!2139274692.jpg
55,1号宝贝,OUYOU0011,http://img.alicdn.com/imgextra/i2/3480261630/TB2hsDSjdnJ8KJjSszdXXaxuFXa_!!3480261630.jpg
56,aca/北美电器,55522,http://img.alicdn.com/imgextra/i4/2146937119/TB1ph41sbSYBuNjSspfXXcZCpXa_!!0-item_pic.jpg
57,aca/北美电器,AHM-S300,http://img.alicdn.com/imgextra/i3/1720491245/TB2QoqoppOWBuNjy0FiXXXFxVXa_!!1720491245-0-item_pic.jpg
58,philips/飞利浦, HR1672,http://img.alicdn.com/imgextra/i2/585745363/TB1rlUEh0rJ8KJjSspaXXXuKpXa_!!0-item_pic.jpg
59,ashton/阿诗顿,BL-175,http://img.alicdn.com/imgextra/i3/3071601281/TB2DqAomZjI8KJjSsppXXXbyVXa_!!3071601281.jpg
60,aunt mary/玛莉阿姨,HL-1888,http://img.alicdn.com/imgextra/i2/2938915279/TB2WcJ.ouuSBuNjy1XcXXcYjFXa_!!2938915279.jpg
61,aux/奥克斯,HX-390,http://img.alicdn.com/imgextra/i2/2047124908/TB2iIGZf26H8KJjSspmXXb2WXXa_!!2047124908.jpg
62,philips/飞利浦, HR1673,http://img.alicdn.com/imgextra/i2/2884711927/TB1CSXNg2ImBKNjSZFlXXc43FXa_!!0-item_pic.jpg
63,aux/奥克斯,HX-401G,http://img.alicdn.com/imgextra/i2/2331463956/TB1Ob_7cKOSBuNjy0FdXXbDnVXa_!!0-item_pic.jpg
64,aux/奥克斯,HX-FS01,http://img.alicdn.com/imgextra/i3/732062877/TB2uNO6sYSYBuNjSspfXXcZCpXa_!!732062877-0-item_pic.jpg
65,bamix,G200 350,http://img.alicdn.com/imgextra/i2/274764304/TB2P39cmS8mpuFjSZFMXXaxpVXa_!!274764304.jpg
66,bamix,G200 G350,http://img.alicdn.com/imgextra/i2/876965799/TB2wUQhsY1YBuNjSszhXXcUsFXa_!!876965799.jpg
67,bear/小熊,LLJ-A05H1,http://img.alicdn.com/imgextra/i4/2248962756/TB1oNinjQOWBuNjSsppXXXPgpXa_!!0-item_pic.jpg
68,philips/飞利浦, HR2056/00,http://img.alicdn.com/imgextra/i1/59777114/TB2O50qXmKI.eBjy1zcXXXIOpXa_!!59777114.jpg
69,bear/小熊,LLJ-A12A1,http://img.alicdn.com/imgextra/i2/2212201876/TB2PQv6mN9YBuNjy0FfXXXIsVXa_!!2212201876-0-item_pic.jpg
70,bear/小熊,LLJ-B08D1,http://img.alicdn.com/imgextra/i1/1821191022/TB1C.cznsLJ8KJjy0FnXXcFDpXa_!!0-item_pic.jpg
71,bear/小熊,LLJ-A12G1,http://img.alicdn.com/imgextra/i2/735994334/TB1sxQ9XeGSBuNjSspbXXciipXa_!!0-item_pic.jpg
72,bear/小熊,LLJ-A12Q3,http://img.alicdn.com/imgextra/i1/2242000680/TB1g_f4lTtYBeNjy1XdXXXXyVXa_!!0-item_pic.jpg
73,bear/小熊,LLJ-A12W8,http://img.alicdn.com/imgextra/i1/175592270/TB2yFDwhxGYBuNjy0FnXXX5lpXa_!!175592270-0-item_pic.jpg
74,bear/小熊,LLJ-B08G2,http://img.alicdn.com/imgextra/i3/2454077880/TB2RBCCkOCYBuNkSnaVXXcMsVXa_!!2454077880-0-item_pic.jpg
75,krups,HP503180,http://img.alicdn.com/imgextra/i3/2769969153/TB2Qr.JkRyWBuNkSmFPXXXguVXa_!!2769969153.jpg
76,bear/小熊,LLJ-B08J5,http://img.alicdn.com/imgextra/i1/2454077880/TB2GQ4Fgz7nBKNjSZLeXXbxCFXa_!!2454077880-0-item_pic.jpg
77,bear/小熊,LLJ-B12A1,http://img.alicdn.com/imgextra/i3/175592270/TB29yvbb5MnBKNjSZFzXXc_qVXa_!!175592270-0-item_pic.jpg
78,bear/小熊,LLJ-B12K1,http://img.alicdn.com/imgextra/i1/2212201876/TB2SfrGdsIrBKNjSZK9XXagoVXa_!!2212201876-0-item_pic.jpg
79,bear/小熊,QSJ-A01F2,http://img.alicdn.com/imgextra/i1/3311248475/TB2cTittb1YBuNjSszhXXcUsFXa_!!3311248475.jpg
80,bear/小熊,QSJ-A03A1,http://img.alicdn.com/imgextra/i4/64880383/TB2iCsgkAOWBuNjSsppXXXPgpXa_!!64880383.jpg
81,bear/小熊,QSJ-B02S1,http://img.alicdn.com/imgextra/i4/3311248475/TB2QWe.sTlYBeNjSszcXXbwhFXa_!!3311248475.jpg
82,bosch/博世,MMBS67GMCN,http://img.alicdn.com/imgextra/i2/1990484446/TB2e_Mnt_JYBeNjy1zeXXahzVXa_!!1990484446.jpg
83,bear/小熊,QSJ-B03D1,http://img.alicdn.com/imgextra/i3/TB1y0aULVXXXXXqXFXXXXXXXXXX_!!0-item_pic.jpg
84,bear/小熊,QSJ-B03R2,http://img.alicdn.com/imgextra/i3/2492836366/TB23F65pHGYBuNjy0FoXXciBFXa_!!2492836366-0-item_pic.jpg
85,binglo,HS-302H,http://img.alicdn.com/imgextra/i1/112099094/TB2pvEFphSYBuNjSspjXXX73VXa_!!112099094.jpg
86,bosch/博世,54A00,http://img.alicdn.com/imgextra/i3/48333793/TB2vLVIcFXXXXaEXpXXXXXXXXXX-48333793.jpg
87,skg,1293,http://img.alicdn.com/imgextra/i2/786621631/TB2AFeHuf9TBuNjy1zbXXXpepXa_!!786621631.jpg
88,braun/博朗, FP3010,http://img.alicdn.com/imgextra/i3/26597073/TB2xYmRaB4lpuFjy1zjXXcAKpXa_!!26597073.jpg
89,braun/博朗, JB7192,http://img.alicdn.com/imgextra/i3/290437336/TB2Aii5X.z.BuNjt_bXXXcQmpXa_!!290437336.jpg
90,braun/博朗, JM3013,http://img.alicdn.com/imgextra/i3/1916444706/TB2W4TOgTlYBeNjSszcXXbwhFXa_!!1916444706.jpg
91,braun/博朗, MQ300,http://img.alicdn.com/imgextra/i2/290437336/TB2VO_MqTlYBeNjSszcXXbwhFXa_!!290437336.jpg
92,braun/博朗, MQ3000,http://img.alicdn.com/imgextra/i1/22502798/TB29K59c2BNTKJjy0FdXXcPpVXa_!!22502798.jpg
93,braun/博朗, MQ3025,http://img.alicdn.com/imgextra/i1/3429658851/TB2Ja4KubSYBuNjSspfXXcZCpXa_!!3429658851.jpg
94,braun/博朗, MQ325,http://img.alicdn.com/imgextra/i3/22502798/TB27miBXfPB11BjSsppXXcjYVXa_!!22502798.jpg
95,braun/博朗, MQ500,http://img.alicdn.com/imgextra/i3/22502798/TB2blRnmXXXXXXmXXXXXXXXXXXX_!!22502798.jpg
96,braun/博朗, MQ5025,http://img.alicdn.com/imgextra/i1/22502798/TB2KlsVkMn.PuJjSZFkXXc_lpXa_!!22502798.jpg
97,braun/博朗, MQ505,http://img.alicdn.com/imgextra/i4/2591395636/TB2lsdzrCBYBeNjy0FeXXbnmFXa_!!2591395636.jpg
98,braun/博朗, MQ525,http://img.alicdn.com/imgextra/i1/65757032/TB1dwv1nNGYBuNjy0FnXXX5lpXa_!!0-item_pic.jpg
99,braun/博朗, MQ530,http://img.alicdn.com/imgextra/i1/1626645831/TB22syhaGagSKJjy0FcXXcZeVXa_!!1626645831.jpg
100,braun/博朗, MQ545,http://img.alicdn.com/imgextra/i4/2591395636/TB223Q6t9tYBeNjSspkXXbU8VXa_!!2591395636.jpg
101,braun/博朗, MQ700,http://img.alicdn.com/imgextra/i2/22502798/TB2uDj2nVXXXXbWXpXXXXXXXXXX_!!22502798.jpg
102,braun/博朗, MQ700料理机配件,http://img.alicdn.com/imgextra/i2/485552487/TB2fTYWowxlpuFjSszbXXcSVpXa_!!485552487.jpg
103,braun/博朗, MQ705,http://img.alicdn.com/imgextra/i2/1933217834/TB2DGb.oMLD8KJjSszeXXaGRpXa_!!1933217834.jpg
104,braun/博朗, MQ745/MQ785,http://img.alicdn.com/imgextra/i3/2549841410/TB1sJjxa29TBuNjy1zbXXXpepXa_!!0-item_pic.jpg
105,braun/博朗, MQ785,http://img.alicdn.com/imgextra/i4/2829060891/TB2keh8aPmfF1JjSspcXXXZMXXa_!!2829060891.jpg
106,braun/博朗, MQ787,http://img.alicdn.com/imgextra/i3/2591395636/TB2MT7JreuSBuNjy1XcXXcYjFXa_!!2591395636.jpg
107,braun/博朗, MQ9087X,http://img.alicdn.com/imgextra/i1/1911588863/TB2vQACeOMnBKNjSZFoXXbOSFXa_!!1911588863.jpg
108,clara,XD-K20E,http://img.alicdn.com/imgextra/i2/2506010982/TB2mPHjjDTI8KJjSsphXXcFppXa_!!2506010982.jpg
109,long plus,60,http://img.alicdn.com/imgextra/i2/2815385110/TB2Aqa3iuySBuNjy1zdXXXPxFXa_!!2815385110.jpg
110,deass/德氏,FE318F1,http://img.alicdn.com/imgextra/i4/541014343/TB2yLZOd1uSBuNjSsziXXbq8pXa_!!541014343.jpg
111,electrolux/伊莱克斯,EMB3005,http://img.alicdn.com/imgextra/i4/1718453972/TB2M3fRtkSWBuNjSszdXXbeSpXa_!!1718453972-0-item_pic.jpg
112,fagor/法格,BV-373B,http://img.alicdn.com/imgextra/i3/3392507673/TB2x4eKs29TBuNjy1zbXXXpepXa_!!3392507673.jpg
113,fagor/法格,BV-375KNA,http://img.alicdn.com/imgextra/i4/3392507673/TB2DQNGs9BYBeNjy0FeXXbnmFXa_!!3392507673.jpg
114,fornonr/方奈优品,FN-800,http://img.alicdn.com/imgextra/i3/62150572/TB24pgseRnTBKNjSZPfXXbf1XXa_!!62150572.jpg
115,fronton/弗朗顿,JB-1525AG,http://img.alicdn.com/imgextra/i3/3707995535/TB2HZr1cRjTBKNjSZFwXXcG4XXa_!!3707995535.jpg
116,fronton/弗朗顿,MNS-PB106,http://img.alicdn.com/imgextra/i1/3707995535/TB2R6WInf9TBuNjy0FcXXbeiFXa_!!3707995535.jpg
117,fulaier/福莱尔,FLE-219C,http://img.alicdn.com/imgextra/i4/2234061048/TB2r2axk2uSBuNkHFqDXXXfhVXa_!!2234061048-0-item_pic.jpg
118,german pool/德国宝,PRO-10,http://img.alicdn.com/imgextra/i1/2108203872/TB1xWaHpr5YBuNjSspoXXbeNFXa_!!0-item_pic.jpg
119,fulaier/福莱尔,FLE-219F,http://img.alicdn.com/imgextra/i1/2234061048/TB2wVL9gDqWBKNjSZFAXXanSpXa_!!2234061048.jpg
120,fulaier/福莱尔,FLE518A,http://img.alicdn.com/imgextra/i3/2234061048/TB1HY6Ccx6I8KJjy0FgXXXXzVXa_!!0-item_pic.jpg
121,hap/韩派,M400,http://img.alicdn.com/imgextra/i1/1757027914/TB2i6FGlYXlpuFjy1zbXXb_qpXa_!!1757027914.jpg
122,fxunshi/华迅仕,MD-8500A,http://img.alicdn.com/imgextra/i1/570229670/TB2kboIcpuWBuNjSspnXXX1NVXa_!!570229670.jpg
123,gemside/捷赛,JSP01,http://img.alicdn.com/imgextra/i3/675256716/TB22DVCtDJYBeNjy1zeXXahzVXa_!!675256716-0-item_pic.jpg
124,hattiecs/海蒂诗,AJ-5123,http://img.alicdn.com/imgextra/i1/137861347/TB2iPrOsuSSBuNjy0FlXXbBpVXa_!!137861347.jpg
125,hattiecs/海蒂诗,RBM-728,http://img.alicdn.com/imgextra/i2/137861347/TB2yACGramWBuNjy1XaXXXCbXXa_!!137861347.jpg
126,haier/海尔,HBB-B0105,http://img.alicdn.com/imgextra/i1/1044027666/TB2V7xrsGmWBuNjy1XaXXXCbXXa_!!1044027666.jpg
127,herpusi,HC-1500,http://img.alicdn.com/imgextra/i1/1889300209/TB2csREXL9TBuNjy1zbXXXpepXa_!!1889300209.jpg
128,herpusi,HC-302Q,http://img.alicdn.com/imgextra/i3/1889300209/TB23giQtuuSBuNjSsplXXbe8pXa_!!1889300209.jpg
129,herpusi,HD-175A,http://img.alicdn.com/imgextra/i4/47279819/TB2C5gYcxSYBuNjSsphXXbGvVXa_!!47279819.jpg
130,hgsuper,HG7701,http://img.alicdn.com/imgextra/i3/694838361/TB20NsNbjnD8KJjSspbXXbbEXXa_!!694838361.jpg
131,hgsuper,HG7702,http://img.alicdn.com/imgextra/i1/694838361/TB255VEafjM8KJjSZFyXXXdzVXa_!!694838361.jpg
132,home-mill/好磨家,HMJ-1001,http://img.alicdn.com/imgextra/i4/2807437737/TB2SnybbXuWBuNjSszbXXcS7FXa_!!2807437737.jpg
133,hyundai/现代,089,http://img.alicdn.com/imgextra/i1/3295794954/TB2IMnhtY1YBuNjSszeXXablFXa_!!3295794954.jpg
134,hyundai/现代,QC-JR089,http://img.alicdn.com/imgextra/i1/3295794954/TB2JKztt1uSBuNjSsziXXbq8pXa_!!3295794954.jpg
135,luby/洛贝,LBL-SL01,http://img.alicdn.com/imgextra/i1/409634214/TB2qoQHg5CYBuNkHFCcXXcHtVXa_!!409634214.jpg
136,jese/洁氏,JS-100G,http://img.alicdn.com/imgextra/i2/3171131705/TB10nFqe0cnBKNjSZR0XXcFqFXa_!!0-item_pic.jpg
137,jese/洁氏,JS-100Y,http://img.alicdn.com/imgextra/i4/3171131705/TB2lVnQoL5TBuNjSspmXXaDRVXa_!!3171131705.jpg
138,joyoung/九阳, JYL-C020E,http://img.alicdn.com/imgextra/i1/2782650410/TB1jADflnXYBeNkHFrdXXciuVXa_!!0-item_pic.jpg
139,joyoung/九阳, C020E,http://img.alicdn.com/imgextra/i4/353868963/TB2fUhapXXXXXbLXpXXXXXXXXXX_!!353868963.jpg
140,joyoung/九阳, C91T,http://img.alicdn.com/imgextra/i1/21615210/TB2CgG6kB8kpuFjSspeXXc7IpXa_!!21615210.jpg
141,joyoung/九阳, JYB-F1,http://img.alicdn.com/imgextra/i2/725643458/TB1Knq0ifuSBuNkHFqDXXXfhVXa_!!0-item_pic.jpg
142,joyoung/九阳, JYL-C010,http://img.alicdn.com/imgextra/i3/2581285015/TB2cS.2p29TBuNjy0FcXXbeiFXa_!!2581285015-0-item_pic.jpg
143,joyoung/九阳, JYL-C012料理机,http://img.alicdn.com/imgextra/i4/1598765249/TB2_jlmdFHM8KJjSZJiXXbx3FXa_!!1598765249.jpg
144,joyoung/九阳, JYL-C020E料理机,http://img.alicdn.com/imgextra/i2/1598765249/TB2QXRTmTvI8KJjSspjXXcgjXXa_!!1598765249.jpg
145,joyoung/九阳, JYL-C022E,http://img.alicdn.com/imgextra/i3/530963095/TB2eq_yXjZnyKJjSZFxXXabIpXa_!!530963095.jpg
146,mcdou/麦豆,FSJD2,http://img.alicdn.com/imgextra/i2/2498916710/TB226Jstv5TBuNjSspmXXaDRVXa_!!2498916710.jpg
147,joyoung/九阳, JYL-C051料理机,http://img.alicdn.com/imgextra/i4/1598765249/TB2pFQjknvI8KJjSspjXXcgjXXa_!!1598765249.jpg
148,meichen/美星晨,MXC-02,http://img.alicdn.com/imgextra/i3/1830244535/TB2g2NXpnlYBeNjSszcXXbwhFXa_!!1830244535.jpg
149,joyoung/九阳, JYL-C16D,http://img.alicdn.com/imgextra/i2/866835366/TB2lu5RklfH8KJjy1XbXXbLdXXa_!!866835366.jpg
150,joyoung/九阳, JYL-C16V,http://img.alicdn.com/imgextra/i1/250512969/TB23r7io_vI8KJjSspjXXcgjXXa_!!250512969.jpg
151,joyoung/九阳, JYL-C19V,http://img.alicdn.com/imgextra/i1/250512969/TB2ugjvaMsSMeJjSsphXXXuJFXa_!!250512969.jpg
152,joyoung/九阳, JYL-C50T,http://img.alicdn.com/imgextra/i2/2581285015/TB2Q18DqeuSBuNjy1XcXXcYjFXa_!!2581285015.jpg
153,joyoung/九阳, JYL-C50T料理机,http://img.alicdn.com/imgextra/i2/1598765249/TB2KenTkhBmpuFjSZFDXXXD8pXa_!!1598765249.jpg
154,joyoung/九阳, JYL-C902D,http://img.alicdn.com/imgextra/i3/76327508/TB2drXQfXkoBKNjSZFkXXb4tFXa_!!76327508.jpg
155,joyoung/九阳, JYL-C91T料理机,http://img.alicdn.com/imgextra/i2/1598765249/TB25ZnekdbJ8KJjy1zjXXaqapXa_!!1598765249.jpg
156,joyoung/九阳, JYL-D020,http://img.alicdn.com/imgextra/i4/3066970397/TB26pIDe0cnBKNjSZR0XXcFqFXa_!!3066970397.jpg
157,joyoung/九阳, JYL-D022,http://img.alicdn.com/imgextra/i3/1910480193/TB2tiAMp4SYBuNjSsphXXbGvVXa_!!1910480193-0-item_pic.jpg
158,midea/美的, BL25B31,http://img.alicdn.com/imgextra/i1/1117995950/TB2i_.XdVGWBuNjy0FbXXb4sXXa_!!1117995950.jpg
159,joyoung/九阳, JYL-F901,http://img.alicdn.com/imgextra/i2/690393523/TB2KIPUmMfH8KJjy1zcXXcTzpXa_!!690393523.jpg
160,joyoung/九阳, JYL-G12,http://img.alicdn.com/imgextra/i4/2587351960/TB1wYPShNuTBuNkHFNRXXc9qpXa_!!0-item_pic.jpg
161,midea/美的, BL25B36,http://img.alicdn.com/imgextra/i4/680971956/TB2ppEcfIyYBuNkSnfoXXcWgVXa_!!680971956.jpg
162,midea/美的, MJ-BL10K21,http://img.alicdn.com/imgextra/i3/3488681294/TB2pSTed7OWBuNjSsppXXXPgpXa_!!3488681294.jpg
163,joyoung/九阳, JYL-G12E,http://img.alicdn.com/imgextra/i4/TB1yfkPKFXXXXXRXpXXXXXXXXXX_!!0-item_pic.jpg
164,joyoung/九阳, JYL-Y11,http://img.alicdn.com/imgextra/i3/2106720042/TB14jw4qGSWBuNjSsrbXXa0mVXa_!!0-item_pic.jpg
165,joyoung/九阳, JYL-Y12H,http://img.alicdn.com/imgextra/i4/3554055162/TB2JVb3iFuWBuNjSszbXXcS7FXa_!!3554055162.jpg
166,joyoung/九阳, JYL-Y29,http://img.alicdn.com/imgextra/i3/3532964071/TB1vWcvlhuTBuNkHFNRXXc9qpXa_!!0-item_pic.jpg
167,joyoung/九阳, JYL-Y15,http://img.alicdn.com/imgextra/i1/60297997/TB2xkwSezgy_uJjSZKzXXb_jXXa_!!60297997.jpg
168,joyoung/九阳, JYL-Y16,http://img.alicdn.com/imgextra/i1/60297997/TB2H_uVoXXXXXctXXXXXXXXXXXX_!!60297997.jpg
169,joyoung/九阳, JYL-Y20,http://img.alicdn.com/imgextra/i3/3554055162/TB2Qfx_hxWYBuNjy1zkXXXGGpXa_!!3554055162.jpg
170,joyoung/九阳, JYL-Y3,http://img.alicdn.com/imgextra/i4/3304209841/TB1ZBe6frZnBKNjSZFGXXbt3FXa_!!0-item_pic.jpg
171,joyoung/九阳, JYL-Y60,http://img.alicdn.com/imgextra/i4/3554055162/TB2.j3IaBmWBuNkSndVXXcsApXa_!!3554055162.jpg
172,joyoung/九阳, JYL-Y8 PLUS,http://img.alicdn.com/imgextra/i4/3304209841/TB1kVhUfBnTBKNjSZPfXXbf1XXa_!!0-item_pic.jpg
173,joyoung/九阳, JYL-Y910,http://img.alicdn.com/imgextra/i4/2986307776/TB1migVeJknBKNjSZKPXXX6OFXa_!!0-item_pic.jpg
174,joyoung/九阳, JYL-Y912,http://img.alicdn.com/imgextra/i3/530963095/TB2bhmYg84lpuFjy1zjXXcAKpXa_!!530963095.jpg
175,joyoung/九阳, JYL-Y917,http://img.alicdn.com/imgextra/i2/353868963/TB1yywvPpXXXXcJXpXXXXXXXXXX_!!0-item_pic.jpg
176,kaiso/凯索,1500,http://img.alicdn.com/imgextra/i1/2146937119/TB1cVkqjTdYBeNkSmLyXXXfnVXa_!!0-item_pic.jpg
177,joyoung/九阳, JYL-Y99,http://img.alicdn.com/imgextra/i4/364389183/TB2FaJvcv6H8KJjy0FjXXaXepXa_!!364389183.jpg
178,joyoung/九阳, JYS-A800,http://img.alicdn.com/imgextra/i3/21615210/TB2q8WtrY0kpuFjy0FjXXcBbVXa_!!21615210.jpg
179,joyoung/九阳, JYS-A950,http://img.alicdn.com/imgextra/i3/2587351960/TB1uxQEl_dYBeNkSmLyXXXfnVXa_!!0-item_pic.jpg
180,joyoung/九阳, JYZ-Y20,http://img.alicdn.com/imgextra/i1/60297997/TB2CWcToMvD8KJjy0FlXXagBFXa_!!60297997.jpg
181,joyoung/九阳, Y92,http://img.alicdn.com/imgextra/i3/364389183/TB2R1fbaxSYBuNjSspjXXX73VXa_!!364389183.jpg
182,keabo/凯博,KB-1525AWN,http://img.alicdn.com/imgextra/i3/69719019/TB2I556spmWBuNjSspdXXbugXXa_!!69719019.jpg
183,kesun/科顺,BL-806A,http://img.alicdn.com/imgextra/i2/2945041611/TB2vhRNuXXXXXcSXXXXXXXXXXXX_!!2945041611.jpg
184,kingpro,J-1205,http://img.alicdn.com/imgextra/i3/2001306208/TB1ccD1t49YBuNjy0FfXXXIsVXa_!!0-item_pic.jpg
185,kitchenaid,5KHB2569C,http://img.alicdn.com/imgextra/i3/2720042221/TB2GTA.dSCI.eBjy1XbXXbUBFXa_!!2720042221.jpg
186,kitchenaid,料理机,http://img.alicdn.com/imgextra/i3/876965799/TB2pDfFsY5YBuNjSspoXXbeNFXa_!!876965799.jpg
187,krobell/康贝尔,2166,http://img.alicdn.com/imgextra/i2/1871236471/TB2ByOMa4SYBuNjSspjXXX73VXa_!!1871236471.jpg
188,krobell/康贝尔,2168,http://img.alicdn.com/imgextra/i4/1871236471/TB2q8gclMDD8KJjy0FdXXcjvXXa_!!1871236471.jpg
189,krups,KB255,http://img.alicdn.com/imgextra/i3/2769969153/TB2Sh1ttkCWBuNjy0FaXXXUlXXa_!!2769969153.jpg
190,krups,KB30380,http://img.alicdn.com/imgextra/i3/2769969153/TB2fmT8gBsmBKNjSZFFXXcT9VXa_!!2769969153.jpg
191,krups,KB870B80,http://img.alicdn.com/imgextra/i1/2923100822/TB2Wh6mjCYH8KJjSspdXXcRgVXa_!!2923100822.jpg
192,ladyship/贵夫人,LS-658,http://img.alicdn.com/imgextra/i1/1832042579/TB2SmyIoXOWBuNjy0FiXXXFxVXa_!!1832042579-0-item_pic.jpg
193,letgoo/力果,LG-SY6B,http://img.alicdn.com/imgextra/i3/770386129/TB2cYaGXHZnBKNjSZFrXXaRLFXa_!!770386129.jpg
194,liven/利仁,LL-A,http://img.alicdn.com/imgextra/i2/703904849/TB250qEfrGYBuNjy0FoXXciBFXa_!!703904849.jpg
195,liven/利仁,LLJ-W501,http://img.alicdn.com/imgextra/i1/848066728/TB2Hpgrqv5TBuNjSspmXXaDRVXa_!!848066728-0-item_pic.jpg
196,long plus,HB-1250,http://img.alicdn.com/imgextra/i4/2815385110/TB2WLYhir9YBuNjy0FgXXcxcXXa_!!2815385110.jpg
197,lotek/乐泰,HB-103SC,http://img.alicdn.com/imgextra/i2/1691479555/TB25HbDcAfb_uJjSsD4XXaqiFXa_!!1691479555.jpg
198,midea/美的, MJ-BL10S11,http://img.alicdn.com/imgextra/i4/736092053/TB2umnoqY0kpuFjy0FjXXcBbVXa_!!736092053.jpg
199,luby/洛贝,LBL-GH01,http://img.alicdn.com/imgextra/i1/409634214/TB23ZxIpwaTBuNjSszfXXXgfpXa_!!409634214.jpg
200,luby/洛贝,LBL-GH03,http://img.alicdn.com/imgextra/i2/409634214/TB2UBj4gf6TBKNjSZJiXXbKVFXa_!!409634214.jpg
201,maizi kitchen/麦子厨房,BL772,http://img.alicdn.com/imgextra/i4/47319363/TB2HwQmcwnH8KJjSspcXXb3QFXa_!!47319363.jpg
202,meichen/美星晨,010 800W 220V～ 50HZ,http://img.alicdn.com/imgextra/i4/3044766828/TB2UUVzicnI8KJjSsziXXb8QpXa_!!3044766828.jpg
203,midea/美的, MJ-Power701,http://img.alicdn.com/imgextra/i4/1098601372/TB2niogqb1YBuNjSszhXXcUsFXa_!!1098601372.jpg
204,mekka/麦嘉,MJ2050,http://img.alicdn.com/imgextra/i2/2050812404/TB2uSgutVXXXXXwXXXXXXXXXXXX_!!2050812404.jpg
205,midea/美的, MJ-WBL1008Q,http://img.alicdn.com/imgextra/i4/3354821408/TB2aXB3eYSYBuNjSspfXXcZCpXa_!!3354821408.jpg
206,mekka/麦嘉,MJ2240,http://img.alicdn.com/imgextra/i2/2050812404/TB25h8xqFXXXXXHXXXXXXXXXXXX_!!2050812404.jpg
207,midea/美的, BL25B26,http://img.alicdn.com/imgextra/i4/1117995950/TB2ww7Ad25TBuNjSspcXXbnGFXa_!!1117995950.jpg
208,midea/美的, MJ-BL1206A,http://img.alicdn.com/imgextra/i3/2942782116/TB1mjNYqb9YBuNjy0FgXXcxcXXa_!!0-item_pic.jpg
209,midea/美的, MJ-BL12K31,http://img.alicdn.com/imgextra/i4/2942782116/TB2yHLauf5TBuNjSspmXXaDRVXa_!!2942782116.jpg
210,midea/美的, MJ-BL25B12,http://img.alicdn.com/imgextra/i2/1117995950/TB2MZhylrGYBuNjy0FoXXciBFXa_!!1117995950.jpg
211,midea/美的, MJ-BL25B2,http://img.alicdn.com/imgextra/i1/2023198194/TB1X9sLl5OYBuNjSsD4XXbSkFXa_!!0-item_pic.jpg
212,midea/美的, MJ-BL80Y21,http://img.alicdn.com/imgextra/i2/296136868/TB24RWYe90mpuFjSZPiXXbssVXa_!!296136868.jpg
213,midea/美的, MJ-LZ15Easy209,http://img.alicdn.com/imgextra/i4/2979107860/TB1CnGJux1YBuNjy1zcXXbNcXXa_!!2-item_pic.png
214,midea/美的, MJ-PB80Easy210,http://img.alicdn.com/imgextra/i1/3551003868/TB2dUn0gBjTBKNjSZFDXXbVgVXa_!!3551003868.jpg
215,midea/美的, MJ-WBL8005P,http://img.alicdn.com/imgextra/i4/3488681294/TB23NsRXSMmBKNjSZTEXXasKpXa_!!3488681294.png
216,midea/美的, MJ-WBL2501A,http://img.alicdn.com/imgextra/i3/201749140/TB1oAK8lOCYBuNkSnaVXXcMsVXa_!!2-item_pic.png
217,midea/美的, MJ-WBL2501B,http://img.alicdn.com/imgextra/i4/80281188/TB2.Q8shgKTBuNkSne1XXaJoXXa_!!80281188.jpg
218,midea/美的, MJ-WBL2501C,http://img.alicdn.com/imgextra/i4/80281188/TB2H4gprbSYBuNjSspiXXXNzpXa_!!80281188.jpg
219,midea/美的, PB80Easy210,http://img.alicdn.com/imgextra/i2/2979107860/TB16YZUlZuYBuNkSmRyXXcA3pXa_!!0-item_pic.jpg
220,midea/美的, MJ-WBL2521H,http://img.alicdn.com/imgextra/i4/80281188/TB2OQJToh1YBuNjy1zcXXbNcXXa_!!80281188.jpg
221,midea/美的, WBL1022S,http://img.alicdn.com/imgextra/i2/1098601372/TB2zmOxjiCYBuNkHFCcXXcHtVXa_!!1098601372.jpg
222,midea/美的, MJ-WBL2531H,http://img.alicdn.com/imgextra/i3/3376734012/TB2biwFeScqBKNjSZFgXXX_kXXa_!!3376734012.jpg
223,midea/美的, WBL2531H,http://img.alicdn.com/imgextra/i4/201749140/TB1k9UHt7CWBuNjy0FaXXXUlXXa_!!2-item_pic.png
224,midea/美的, WBL25B36,http://img.alicdn.com/imgextra/i4/3551003868/TB25Vf0tmtYBeNjSspaXXaOOFXa_!!3551003868.jpg
225,midea/美的, 美的破壁机,http://img.alicdn.com/imgextra/i2/1715436492/TB2H3slaljTBKNjSZFuXXb0HFXa_!!1715436492.jpg
226,milate/美莱特,MS-1,http://img.alicdn.com/imgextra/i4/1762900326/TB2N3fDdnqWBKNjSZFAXXanSpXa_!!1762900326.jpg
227,minimei,MM-201,http://img.alicdn.com/imgextra/i2/2397107310/TB2FfytnElnpuFjSZFjXXXTaVXa_!!2397107310.jpg
228,murenking/牧人王,H19,http://img.alicdn.com/imgextra/i3/1114836809/TB2QsJEur1YBuNjSszeXXablFXa_!!1114836809.jpg
229,nathome/北欧欧慕,NJB103SA,http://img.alicdn.com/imgextra/i4/698330287/TB27sPuubSYBuNjSspfXXcZCpXa_!!698330287-0-item_pic.jpg
230,panasonic/松下, MK-GB1,http://img.alicdn.com/imgextra/i4/2471887644/TB2d6NHupOWBuNjy0FiXXXFxVXa_!!2471887644.jpg
231,panasonic/松下, MK-GH1,http://img.alicdn.com/imgextra/i4/669690917/TB1BW8jtStYBeNjSspaXXaOOFXa_!!0-item_pic.jpg
232,panasonic/松下, MX-GS1,http://img.alicdn.com/imgextra/i4/669690917/TB1CjvFtv9TBuNjy1zbXXXpepXa_!!0-item_pic.jpg
233,panasonic/松下, MX-S401,http://img.alicdn.com/imgextra/i3/669690917/TB1SqAOtCBYBeNjy0FeXXbnmFXa_!!0-item_pic.jpg
234,panasonic/松下, MX-GX1061,http://img.alicdn.com/imgextra/i4/41168047/TB2kLo7iNdkpuFjy0FbXXaNnpXa_!!41168047.jpg
235,panasonic/松下, MX-PSC101G1,http://img.alicdn.com/imgextra/i2/2743180191/TB1EodrsYGYBuNjy0FoXXciBFXa_!!0-item_pic.jpg
236,panasonic/松下, MX-SS40,http://img.alicdn.com/imgextra/i4/2743180191/TB2Abl2s1uSBuNjSsziXXbq8pXa_!!2743180191-0-item_pic.jpg
237,panasonic/松下, MX-XC501,http://img.alicdn.com/imgextra/i4/669690917/TB18LnCtruWBuNjSszgXXb8jVXa_!!0-item_pic.jpg
238,panasonic/松下, MX-XC701,http://img.alicdn.com/imgextra/i2/669690917/TB1WvrNtx1YBuNjy1zcXXbNcXXa_!!0-item_pic.jpg
239,panasonic/松下, MX-ZX1800,http://img.alicdn.com/imgextra/i1/1040259724/TB2A70ttNWYBuNjy1zkXXXGGpXa_!!1040259724-0-item_pic.jpg
240,panasonic/松下, mx-ss1,http://img.alicdn.com/imgextra/i3/2743180191/TB2MYnCl2uSBuNkHFqDXXXfhVXa_!!2743180191-0-item_pic.jpg
241,peskoe/半球,HB-J103,http://img.alicdn.com/imgextra/i4/53073000/TB2hEMybhHI8KJjy1zbXXaxdpXa_!!53073000.jpg
242,peskoe/半球,HB-K805,http://img.alicdn.com/imgextra/i3/1900694845/TB1MhoxsNGYBuNjy0FnXXX5lpXa_!!0-item_pic.jpg
243,peskoe/半球,HB-K808,http://img.alicdn.com/imgextra/i3/1900694845/TB27fRlrpOWBuNjy0FiXXXFxVXa_!!1900694845-0-item_pic.jpg
244,philips/飞利浦, HR1604,http://img.alicdn.com/imgextra/i1/52687105/TB2O8Ozu0hvOuFjSZFBXXcZgFXa_!!52687105.jpg
245,philips/飞利浦, HR1609,http://img.alicdn.com/imgextra/i1/585745363/TB1Y.q2qL1TBuNjy0FjXXajyXXa_!!0-item_pic.jpg
246,philips/飞利浦, HR1626,http://img.alicdn.com/imgextra/i3/92686194/TB1pdfstVGWBuNjy0FbXXb4sXXa_!!0-item_pic.jpg
247,philips/飞利浦, HR1608/03,http://img.alicdn.com/imgextra/i4/65102616/TB2u0UlXh_hFuJjSZPiXXcXnFXa_!!65102616.jpg
248,recolte/丽克特,RCP-2,http://img.alicdn.com/imgextra/i4/3560222287/TB2yEwOuk9WBuNjSspeXXaz5VXa_!!3560222287.jpg
249,philips/飞利浦, HR2056,http://img.alicdn.com/imgextra/i2/108356190/TB24Z15jJhvOuFjSZFBXXcZgFXa_!!108356190.jpg
250,philips/飞利浦, HR2062,http://img.alicdn.com/imgextra/i1/257594929/TB2IQkyaXHzQeBjSZFpXXXm1XXa_!!257594929.jpg
251,smeg,SMF 01,http://img.alicdn.com/imgextra/i3/2080867528/TB2j5FHuAyWBuNjy0FpXXassXXa_!!2080867528.jpg
252,philips/飞利浦, HR2100,http://img.alicdn.com/imgextra/i4/755990984/TB16mt.p1uSBuNjSsplXXbe8pXa_!!0-item_pic.jpg
253,robot-coupe/罗伯特.库伯,MICROMIX,http://img.alicdn.com/imgextra/i1/82359668/TB2VgVqeFmWBuNjSspdXXbugXXa_!!82359668.jpg
254,philips/飞利浦, HR2100/40,http://img.alicdn.com/imgextra/i3/1092019494/TB2evMNoACWBuNjy0FaXXXUlXXa_!!1092019494.jpg
255,philips/飞利浦, HR2166,http://img.alicdn.com/imgextra/i3/52687105/TB2tvGPcuSSBuNjy0FlXXbBpVXa_!!52687105.jpg
256,philips/飞利浦, HR3653,http://img.alicdn.com/imgextra/i2/489183020/TB2Wd0hXUR1BeNjy0FmXXb0wVXa_!!489183020.jpg
257,rosenstein&sohne,NC2406,http://img.alicdn.com/imgextra/i3/2891692197/TB1yo1Ek8mWBuNkSndVXXcsApXa_!!0-item_pic.jpg
258,philips/飞利浦, hr2101,http://img.alicdn.com/imgextra/i3/141088550/TB23MDshaagSKJjy0FgXXcRqFXa_!!141088550.jpg
259,philips/飞利浦, hr2872,http://img.alicdn.com/imgextra/i4/1014959008/TB1v4llb8jTBKNjSZFNXXasFXXa_!!0-item_pic.jpg
260,philips/飞利浦, hr2874,http://img.alicdn.com/imgextra/i4/52687105/TB238PlsXuWBuNjSspnXXX1NVXa_!!52687105.jpg
261,ranbem/瑞本,767S,http://img.alicdn.com/imgextra/i4/1096641067/TB25nfee46I8KJjSszfXXaZVXXa_!!1096641067.jpg
262,ranbem/瑞本,768B,http://img.alicdn.com/imgextra/i2/1691479555/TB22T7ic1uSBuNjSsziXXbq8pXa_!!1691479555.jpg
263,ranbem/瑞本,775,http://img.alicdn.com/imgextra/i1/2771635964/TB2VdSqpuOSBuNjy0FdXXbDnVXa_!!2771635964.jpg
264,ranbem/瑞本,RBM-728,http://img.alicdn.com/imgextra/i2/2771635964/TB2Pk.OkmYH8KJjSspdXXcRgVXa_!!2771635964.jpg
265,ranbem/瑞本,RBM-768B,http://img.alicdn.com/imgextra/i3/2771635964/TB2e66CklcHL1JjSZJiXXcKcpXa_!!2771635964.jpg
266,ranbem/瑞本,RBM-775,http://img.alicdn.com/imgextra/i3/1691479555/TB2sLxYkaSWBuNjSsrbXXa0mVXa_!!1691479555.jpg
267,royalstar/荣事达, RS-JR20E,http://img.alicdn.com/imgextra/i4/1749513003/TB2YPrFpCtYBeNjSspkXXbU8VXa_!!1749513003.jpg
268,royalstar/荣事达, RZ-1018C1,http://img.alicdn.com/imgextra/i2/3055986482/TB2tcdThSBYBeNjy0FeXXbnmFXa_!!3055986482.jpg
269,royalstar/荣事达, RZ-8001,http://img.alicdn.com/imgextra/i2/3235139028/TB2f5gntY1YBuNjSszeXXablFXa_!!3235139028.jpg
270,severin,SM3710,http://img.alicdn.com/imgextra/i3/2774585787/TB21mPWmcyYBuNkSnfoXXcWgVXa_!!2774585787-0-item_pic.jpg
271,royalstar/荣事达, RZ-283,http://img.alicdn.com/imgextra/i1/261351536/TB22gnvkiCYBuNkSnaVXXcMsVXa_!!261351536.jpg
272,royalstar/荣事达, RZ-378H,http://img.alicdn.com/imgextra/i3/866308259/TB2Uhs2dDlYBeNjSszcXXbwhFXa_!!866308259.jpg
273,royalstar/荣事达, RZ-505,http://img.alicdn.com/imgextra/i4/2822122915/TB2dnZyg9cqBKNjSZFgXXX_kXXa_!!2822122915.jpg
274,royalstar/荣事达, RZ-708H,http://img.alicdn.com/imgextra/i2/TB1bp1EPXXXXXbRaXXXXXXXXXXX_!!0-item_pic.jpg
275,royalstar/荣事达, RZ-8012,http://img.alicdn.com/imgextra/i3/3235139028/TB2V8Z5XcyYBuNkSnfoXXcWgVXa_!!3235139028.jpg
276,savtm/狮威特,BR11A,http://img.alicdn.com/imgextra/i2/2966639728/TB27zGbgx6I8KJjy0FgXXXXzVXa_!!2966639728.jpg
277,severin,SM3739,http://img.alicdn.com/imgextra/i2/2774585787/TB2jMdVk3KTBuNkSne1XXaJoXXa_!!2774585787-0-item_pic.jpg
278,shield king/盾皇,DK-777,http://img.alicdn.com/imgextra/i4/2929807433/TB27NklouuSBuNjSsplXXbe8pXa_!!2929807433.jpg
279,skg,1260C,http://img.alicdn.com/imgextra/i1/3022252849/TB1bSspngmTBuNjy1XbXXaMrVXa_!!0-item_pic.jpg
280,skg,1290,http://img.alicdn.com/imgextra/i1/370258736/TB21rmXn4SYBuNjSsphXXbGvVXa_!!370258736-0-item_pic.jpg
281,stelang/雪特朗,ST-301A,http://img.alicdn.com/imgextra/i2/844210459/TB1WVAfo3vD8KJjy0FlXXagBFXa_!!0-item_pic.jpg
282,supor/苏泊尔,BV501-300,http://img.alicdn.com/imgextra/i4/160586276/TB2SbtrsY1YBuNjSszeXXablFXa_!!160586276-0-item_pic.jpg
283,supor/苏泊尔,JP06D-1300,http://img.alicdn.com/imgextra/i3/3252524081/TB2Ows_huOSBuNjy0FdXXbDnVXa_!!3252524081.jpg
284,supor/苏泊尔,JG32D-300,http://img.alicdn.com/imgextra/i4/2851445614/TB14BppcpLM8KJjSZFBXXXJHVXa_!!0-item_pic.jpg
285,supor/苏泊尔,JP08P,http://img.alicdn.com/imgextra/i4/2453844259/TB2QC9cqmBYBeNjy0FeXXbnmFXa_!!2453844259.jpg
286,supor/苏泊尔,JM10-150,http://img.alicdn.com/imgextra/i2/356409596/TB2S8VBm26H8KJjy0FjXXaXepXa_!!356409596.jpg
287,supor/苏泊尔,JP05D-1300,http://img.alicdn.com/imgextra/i2/2820265280/TB2HjTPccbI8KJjy1zdXXbe1VXa_!!2820265280.jpg
288,supor/苏泊尔,JP08P-1300,http://img.alicdn.com/imgextra/i2/3252524081/TB2ykgLppOWBuNjy0FiXXXFxVXa_!!3252524081.jpg
289,supor/苏泊尔,JP12D-800,http://img.alicdn.com/imgextra/i2/2820265280/TB28AiceCcqBKNjSZFgXXX_kXXa_!!2820265280.jpg
290,supor/苏泊尔,JP13D-800,http://img.alicdn.com/imgextra/i4/2820265280/TB2FVGzoCBYBeNjy0FeXXbnmFXa_!!2820265280.jpg
291,supor/苏泊尔,JP23D-1100,http://img.alicdn.com/imgextra/i1/411927857/TB2ewycgYGYBuNjy0FoXXciBFXa_!!411927857.jpg
292,supor/苏泊尔,JP37V-1300,http://img.alicdn.com/imgextra/i4/2820265280/TB2zlFdoQSWBuNjSszdXXbeSpXa_!!2820265280.jpg
293,supor/苏泊尔,JS36D-300,http://img.alicdn.com/imgextra/i2/671727473/TB2_BIhoxGYBuNjy0FnXXX5lpXa_!!671727473-0-item_pic.jpg
294,supor/苏泊尔,JS39D-250,http://img.alicdn.com/imgextra/i1/925713709/TB2iC2cur9YBuNjy0FgXXcxcXXa_!!925713709-0-item_pic.jpg
295,supor/苏泊尔,SJ609B-300,http://img.alicdn.com/imgextra/i3/2065839946/TB1x1X3uAyWBuNjy0FpXXassXXa_!!0-item_pic.jpg
296,supor/苏泊尔,TJE08A-250,http://img.alicdn.com/imgextra/i4/3443317776/TB2cyKAqFuWBuNjSspnXXX1NVXa_!!3443317776-0-item_pic.jpg
297,teables/泰博斯,SY-1,http://img.alicdn.com/imgextra/i4/2362774629/TB2TX1OpFuWBuNjSszbXXcS7FXa_!!2362774629.jpg
298,tescom,TMV1500,http://img.alicdn.com/imgextra/i4/2919413105/TB2Om_3kZyYBuNkSnfoXXcWgVXa_!!2919413105-0-item_pic.jpg
299,wik/伟嘉,电动迷你搅拌机,http://img.alicdn.com/imgextra/i3/TB1iDPlHXXXXXc2XpXXXXXXXXXX_!!0-item_pic.jpg
300,tescom,TMV1550,http://img.alicdn.com/imgextra/i1/3083413868/TB2ho4DuL9TBuNjy0FcXXbeiFXa_!!3083413868-0-item_pic.jpg
301,topkitch,MS-1,http://img.alicdn.com/imgextra/i1/781321328/TB2tRcugxHI8KJjy1zbXXaxdpXa_!!781321328.jpg
302,toplife/好生活,TL-7233DP,http://img.alicdn.com/imgextra/i1/2094287219/TB2U1yamXuWBuNjSspnXXX1NVXa_!!2094287219.jpg
303,toplife/好生活,TL-783B,http://img.alicdn.com/imgextra/i4/2094287219/TB2LACOlStYBeNjSspaXXaOOFXa_!!2094287219.jpg
304,ukoeo,PR6,http://img.alicdn.com/imgextra/i3/1761216492/TB1R8V9pA9WBuNjSspeXXaz5VXa_!!0-item_pic.jpg
305,ukoeo,PR9,http://img.alicdn.com/imgextra/i4/3243326368/TB2zQOSauUXBuNjt_XBXXXeDXXa_!!3243326368.jpg
306,viomi/云米,YM-BH01,http://img.alicdn.com/imgextra/i3/2984235367/TB2_OTweOAnBKNjSZFvXXaTKXXa_!!2984235367.jpg
307,westinghouse/西屋,A1,http://img.alicdn.com/imgextra/i2/2781968334/TB2RAwXubSYBuNjSspiXXXNzpXa_!!2781968334.jpg
308,whirlpool/惠而浦,WBL-MS302D,http://img.alicdn.com/imgextra/i1/3122798808/TB23FYPtrSYBuNjSspiXXXNzpXa_!!3122798808.jpg
309,wmf,KULT X,http://img.alicdn.com/imgextra/i2/83948407/TB21hPRqbwTMeJjSszfXXXbtFXa_!!83948407.jpg
310,信言,AMT2516,http://img.alicdn.com/imgextra/i1/2199793176/TB2jL8Ut0RopuFjSZFtXXcanpXa_!!2199793176.jpg
311,凯云,1251-3,http://img.alicdn.com/imgextra/i2/2449168968/TB2Bs3kh8TH8KJjy0FiXXcRsXXa_!!2449168968.jpg
312,凯云,KY- 602,http://img.alicdn.com/imgextra/i2/722463015/TB2_JjZdjQnBKNjSZSgXXXHGXXa_!!722463015.jpg
313,凯云,KY-3,http://img.alicdn.com/imgextra/i3/2449168968/TB2bBITXm8YBeNkSnb4XXaevFXa_!!2449168968.jpg
314,凯福赛,207,http://img.alicdn.com/imgextra/i3/1871236471/TB2DlQngIrI8KJjy0FhXXbfnpXa_!!1871236471.jpg
315,凯云,KY-601,http://img.alicdn.com/imgextra/i1/722463015/TB2KdtPjvuSBuNkHFqDXXXfhVXa_!!722463015.jpg
316,凯云,LM-FS501,http://img.alicdn.com/imgextra/i3/722463015/TB2UMAHh4PI8KJjSspfXXcCFXXa_!!722463015.jpg
317,奥诺斯,AMS-998,http://img.alicdn.com/imgextra/i4/774900760/TB2ONixfYSYBuNjSspfXXcZCpXa_!!774900760.jpg
318,合慧,H1,http://img.alicdn.com/imgextra/i2/2336243300/TB2gPentv1TBuNjy0FjXXajyXXa_!!2336243300.jpg
319,合慧,H3,http://img.alicdn.com/imgextra/i3/2336243300/TB2V_iGaVqZBuNjt_jqXXamzpXa_!!2336243300.jpg
320,合慧,HH201,http://img.alicdn.com/imgextra/i1/2336243300/TB2YprAntfJ8KJjy0FeXXXKEXXa_!!2336243300.jpg
321,喜贡,HL-1878,http://img.alicdn.com/imgextra/i4/2579140052/TB2vCrHpN1YBuNjy1zcXXbNcXXa_!!2579140052.jpg
322,嘉和,MB-1001,http://img.alicdn.com/imgextra/i1/3299888022/TB2e0lJhAfb_uJjSsrbXXb6bVXa_!!3299888022.jpg
323,奥诺斯,ANS-F900,http://img.alicdn.com/imgextra/i2/2689901711/TB2M9m3c3mTBuNjy1XbXXaMrVXa_!!2689901711.jpg
324,小太阳,CS-767-5D,http://img.alicdn.com/imgextra/i2/1759505279/TB2yFxLrr1YBuNjSszhXXcUsFXa_!!1759505279-0-item_pic.jpg
325,小太阳,TM-3S,http://img.alicdn.com/imgextra/i2/1759505279/TB2euQPi_XYBeNkHFrdXXciuVXa_!!1759505279-0-item_pic.jpg
326,小太阳,TM-803T,http://img.alicdn.com/imgextra/i2/1759505279/TB22ZBisL5TBuNjSspcXXbnGFXa_!!1759505279-0-item_pic.jpg
327,山雄,XZ-PB6818,http://img.alicdn.com/imgextra/i3/774900760/TB24KQGo7yWBuNjy0FpXXassXXa_!!774900760.jpg
328,慧浦,CB-502,http://img.alicdn.com/imgextra/i4/1082385966/TB2ThSpaGmWBuNjy1XaXXXCbXXa_!!1082385966.jpg
329,慧浦,HP-010,http://img.alicdn.com/imgextra/i3/1082385966/TB27pJemhrI8KJjy0FpXXb5hVXa_!!1082385966.jpg
330,慧浦,YS-001,http://img.alicdn.com/imgextra/i4/211263556/TB2050npuSSBuNjy0FlXXbBpVXa_!!211263556.jpg
331,扬子,MB-1201J2,http://img.alicdn.com/imgextra/i2/2986804705/TB21qPXbv9TBuNjy1zbXXXpepXa_!!2986804705.jpg
332,朋客,SG-350B,http://img.alicdn.com/imgextra/i4/444760264/TB2A.oogQZmBKNjSZPiXXXFNVXa_!!444760264.jpg
333,朋客,SG-350C,http://img.alicdn.com/imgextra/i4/2130194131/TB2P50JbHsrBKNjSZFpXXcXhFXa_!!2130194131.jpg
334,朋客,SG-350D,http://img.alicdn.com/imgextra/i4/47279819/TB2bqgZmoR1BeNjy0FmXXb0wVXa_!!47279819.jpg
335,朋客,SG-350F,http://img.alicdn.com/imgextra/i4/1806297122/TB2bclZuXOWBuNjy0FiXXXFxVXa_!!1806297122.jpg
336,格明,K-06,http://img.alicdn.com/imgextra/i1/2540272643/TB2oPRhc8LN8KJjSZFPXXXoLXXa_!!2540272643.jpg
337,格明,K28,http://img.alicdn.com/imgextra/i1/2540272643/TB2BbD0a9CWBuNjy0FhXXb6EVXa_!!2540272643.jpg
338,欧麦斯,P802,http://img.alicdn.com/imgextra/i3/3052942911/TB27OEnlb9YBuNjy0FgXXcxcXXa_!!3052942911-0-item_pic.jpg
339,米技,HB3001,http://img.alicdn.com/imgextra/i4/2301972298/TB2i68Pr4SYBuNjSspjXXX73VXa_!!2301972298.jpg
340,欧麦斯,P806,http://img.alicdn.com/imgextra/i4/2177424324/TB2FsVcjpOWBuNjy0FiXXXFxVXa_!!2177424324-0-item_pic.jpg
341,水花,MB-1001,http://img.alicdn.com/imgextra/i2/2784541229/TB2eXpZdHZnBKNjSZFKXXcGOVXa_!!2784541229.jpg
342,水花,MB-1301K13,http://img.alicdn.com/imgextra/i1/2784541229/TB26NKmh_lYBeNjSszcXXbwhFXa_!!2784541229.jpg
343,汉宝,HB-J303,http://img.alicdn.com/imgextra/i3/2201922578/TB2dRP2sQyWBuNjy0FpXXassXXa_!!2201922578.jpg
344,沃佳健,HH-1001,http://img.alicdn.com/imgextra/i2/259146172/TB2LRjodrglyKJjSZFuXXaE6FXa_!!259146172.jpg
345,盛世旺牛,B6,http://img.alicdn.com/imgextra/i1/1118566344/TB2ZHtMcLxNTKJjy0FjXXX6yVXa_!!1118566344.jpg
346,盛世旺牛,HB-J801,http://img.alicdn.com/imgextra/i1/TB1jx.qOpXXXXcnXpXXXXXXXXXX_!!0-item_pic.jpg
347,盛世旺牛,HB-J808,http://img.alicdn.com/imgextra/i1/1118566344/TB26daJcwjN8KJjSZFkXXaboXXa_!!1118566344.jpg
348,福菱,FL-001,http://img.alicdn.com/imgextra/i1/2730653392/TB2M5RjubuWBuNjSszgXXb8jVXa_!!2730653392.jpg
349,福菱,FL1308,http://img.alicdn.com/imgextra/i3/2730653392/TB2cwTKgGQoBKNjSZJnXXaw9VXa_!!2730653392.jpg
350,福菱,FL2655,http://img.alicdn.com/imgextra/i2/2730653392/TB2Ff68dMmTBuNjy1XbXXaMrVXa_!!2730653392.jpg
351,福菱,FL2658,http://img.alicdn.com/imgextra/i2/2730653392/TB2rSZOaOCYBuNkHFCcXXcHtVXa_!!2730653392.jpg
352,绿航,LH-513,http://img.alicdn.com/imgextra/i3/2549325276/TB2QKjMk8TH8KJjy0FiXXcRsXXa_!!2549325276.jpg
353,良太,2166,http://img.alicdn.com/imgextra/i2/2723631070/TB2I3t0grBkpuFjy1zkXXbSpFXa_!!2723631070.jpg
354,蒙达,M-06B,http://img.alicdn.com/imgextra/i4/2077929415/TB2VzfvcwLD8KJjSszeXXaGRpXa_!!2077929415.jpg
355,蒙达,M-08,http://img.alicdn.com/imgextra/i4/816291811/TB1Xn8jm8TH8KJjy0FiXXcRsXXa_!!0-item_pic.jpg
356,金厨喜,QC-888,http://img.alicdn.com/imgextra/i4/1082385966/TB2UpbPnInI8KJjSsziXXb8QpXa_!!1082385966.jpg
357,金正, 818A,http://img.alicdn.com/imgextra/i4/547328700/TB275Lhn7OWBuNjSsppXXXPgpXa_!!547328700.jpg
358,金正, D30,http://img.alicdn.com/imgextra/i3/547328700/TB2R0FiePgy_uJjSZJnXXbuOXXa_!!547328700.jpg
359,金正, JZPB-950,http://img.alicdn.com/imgextra/i3/547328700/TB2QaI9f4GYBuNjy0FnXXX5lpXa_!!547328700.jpg
360,金正, JZW-2507,http://img.alicdn.com/imgextra/i3/1959232976/TB2n8qyk29TBuNjy1zbXXXpepXa_!!1959232976-0-item_pic.jpg
361,金正, JZPB-100D02,http://img.alicdn.com/imgextra/i3/547328700/TB2CjAlf9CWBuNjy0FhXXb6EVXa_!!547328700.jpg
362,金正, JZPB-809A,http://img.alicdn.com/imgextra/i4/924448679/TB2z.Qfh8HH8KJjy0FbXXcqlpXa_!!924448679.jpg
363,金正, JZPB-810A,http://img.alicdn.com/imgextra/i4/2453771986/TB2Aq.zdH9YBuNjy0FgXXcxcXXa_!!2453771986.jpg
364,金正, JZPB-824B,http://img.alicdn.com/imgextra/i1/547328700/TB24KsBevuSBuNkHFqDXXXfhVXa_!!547328700.jpg
365,金正, JZPB-960,http://img.alicdn.com/imgextra/i4/924448679/TB2KJCwhKSSBuNjy0FlXXbBpVXa_!!924448679.jpg
366,金正, JZR-R329,http://img.alicdn.com/imgextra/i3/2103760658/TB2lhSXa3aTBuNjSszfXXXgfpXa_!!2103760658.jpg
367,金耐欧,180B,http://img.alicdn.com/imgextra/i1/26218522/TB2U35.dA1M.eBjSZFOXXc0rFXa_!!26218522.jpg
368,隆粤,LY-350,http://img.alicdn.com/imgextra/i4/2587384946/TB2XW1Yj9YH8KJjSspdXXcRgVXa_!!2587384946.jpg
369,隆粤,LY-389,http://img.alicdn.com/imgextra/i3/2587384946/TB2x_YCamOFJuJjSZFAXXblRFXa_!!2587384946.jpg
370,韩伟,M350,http://img.alicdn.com/imgextra/i2/2193346826/TB2AnRKs49YBuNjy0FfXXXIsVXa_!!2193346826.jpg
371,高博,BL513,http://img.alicdn.com/imgextra/i4/2873393010/TB1aUPhsmtYBeNjSspaXXaOOFXa_!!0-item_pic.jpg
372,高博,SM-505,http://img.alicdn.com/imgextra/i2/2873393010/TB1uNEslfuSBuNkHFqDXXXfhVXa_!!0-item_pic.jpg
373,高博,SM-508,http://img.alicdn.com/imgextra/i1/2873393010/TB1AB8AjsyYBuNkSnfoXXcWgVXa_!!0-item_pic.jpg
374,麦宁,MN2118,http://img.alicdn.com/imgextra/i2/2199793176/TB2u3MvgvNNTKJjSspcXXb4KVXa_!!2199793176.jpg
